PassengerId,Survived,Pclass,SibSp,Parch,HasCabin,CatAge,CatFare,Sex_male,Embarked_Q,Embarked_S,Title_Miss,Title_Mr,Title_Mrs,Title_Unique
1,0.0,3,1,0,False,0,0,True,False,True,False,True,False,False
2,1.0,1,1,0,True,3,3,False,False,False,False,False,True,False
3,1.0,3,0,0,False,1,1,False,False,True,True,False,False,False
4,1.0,1,1,0,True,2,3,False,False,True,False,False,True,False
5,0.0,3,0,0,False,2,1,True,False,True,False,True,False,False
6,0.0,3,0,0,False,1,1,True,True,False,False,True,False,False
7,0.0,1,0,0,True,3,3,True,False,True,False,True,False,False
8,0.0,3,3,1,False,0,2,True,False,True,False,False,False,False
9,1.0,3,0,2,False,1,1,False,False,True,False,False,True,False
10,1.0,2,1,0,False,0,2,False,False,False,False,False,True,False
11,1.0,3,1,1,True,0,2,False,False,True,True,False,False,False
12,1.0,1,0,0,True,3,2,False,False,True,True,False,False,False
13,0.0,3,0,0,False,0,1,True,False,True,False,True,False,False
14,0.0,3,1,5,False,3,2,True,False,True,False,True,False,False
15,0.0,3,0,0,False,0,0,False,False,True,True,False,False,False
16,1.0,2,0,0,False,3,2,False,False,True,False,False,True,False
17,0.0,3,4,1,False,0,2,True,True,False,False,False,False,False
18,1.0,2,0,0,False,1,1,True,False,True,False,True,False,False
19,0.0,3,1,0,False,2,2,False,False,True,False,False,True,False
20,1.0,3,0,0,False,1,0,False,False,False,False,False,True,False
21,0.0,2,0,0,False,2,2,True,False,True,False,True,False,False
22,1.0,2,0,0,True,2,1,True,False,True,False,True,False,False
23,1.0,3,0,0,False,0,1,False,True,False,True,False,False,False
24,1.0,1,0,0,True,1,3,True,False,True,False,True,False,False
25,0.0,3,3,1,False,0,2,False,False,True,True,False,False,False
26,1.0,3,1,5,False,3,3,False,False,True,False,False,True,False
27,0.0,3,0,0,False,1,0,True,False,False,False,True,False,False
28,0.0,1,3,2,True,0,3,True,False,True,False,True,False,False
29,1.0,3,0,0,False,1,0,False,True,False,True,False,False,False
30,0.0,3,0,0,False,1,0,True,False,True,False,True,False,False
31,0.0,1,0,0,False,3,2,True,False,False,False,False,False,True
32,1.0,1,1,0,True,1,3,False,False,False,False,False,True,False
33,1.0,3,0,0,False,1,0,False,True,False,True,False,False,False
34,0.0,2,0,0,False,3,1,True,False,True,False,True,False,False
35,0.0,1,1,0,False,1,3,True,False,False,False,True,False,False
36,0.0,1,1,0,False,3,3,True,False,True,False,True,False,False
37,1.0,3,0,0,False,1,0,True,False,False,False,True,False,False
38,0.0,3,0,0,False,0,1,True,False,True,False,True,False,False
39,0.0,3,2,0,False,0,2,False,False,True,True,False,False,False
40,1.0,3,1,0,False,0,1,False,False,False,True,False,False,False
41,0.0,3,1,0,False,3,1,False,False,True,False,False,True,False
42,0.0,2,1,0,False,1,2,False,False,True,False,False,True,False
43,0.0,3,0,0,False,1,0,True,False,False,False,True,False,False
44,1.0,2,1,2,False,0,3,False,False,False,True,False,False,False
45,1.0,3,0,0,False,0,0,False,True,False,True,False,False,False
46,0.0,3,0,0,False,1,1,True,False,True,False,True,False,False
47,0.0,3,1,0,False,1,2,True,True,False,False,True,False,False
48,1.0,3,0,0,False,1,0,False,True,False,True,False,False,False
49,0.0,3,2,0,False,1,2,True,False,False,False,True,False,False
50,0.0,3,1,0,False,0,2,False,False,True,False,False,True,False
51,0.0,3,4,1,False,0,3,True,False,True,False,False,False,False
52,0.0,3,0,0,False,0,0,True,False,True,False,True,False,False
53,1.0,1,1,0,True,3,3,False,False,False,False,False,True,False
54,1.0,2,1,0,False,2,2,False,False,True,False,False,True,False
55,0.0,1,0,1,True,3,3,True,False,False,False,True,False,False
56,1.0,1,0,0,True,1,3,True,False,True,False,True,False,False
57,1.0,2,0,0,False,0,1,False,False,True,True,False,False,False
58,0.0,3,0,0,False,2,0,True,False,False,False,True,False,False
59,1.0,2,1,2,False,0,2,False,False,True,True,False,False,False
60,0.0,3,5,2,False,0,3,True,False,True,False,False,False,False
61,0.0,3,0,0,False,0,0,True,False,False,False,True,False,False
62,1.0,1,0,0,True,3,3,False,False,True,True,False,False,False
63,0.0,1,1,0,True,3,3,True,False,True,False,True,False,False
64,0.0,3,3,2,False,0,2,True,False,True,False,False,False,False
65,0.0,1,0,0,False,1,2,True,False,False,False,True,False,False
66,1.0,3,1,1,False,1,2,True,False,False,False,False,False,False
67,1.0,2,0,0,True,2,1,False,False,True,False,False,True,False
68,0.0,3,0,0,False,0,1,True,False,True,False,True,False,False
69,1.0,3,4,2,False,0,1,False,False,True,True,False,False,False
70,0.0,3,2,0,False,1,1,True,False,True,False,True,False,False
71,0.0,2,0,0,False,2,1,True,False,True,False,True,False,False
72,0.0,3,5,2,False,0,3,False,False,True,True,False,False,False
73,0.0,2,0,0,False,0,3,True,False,True,False,True,False,False
74,0.0,3,1,0,False,1,1,True,False,False,False,True,False,False
75,1.0,3,0,0,False,2,3,True,False,True,False,True,False,False
76,0.0,3,0,0,True,1,0,True,False,True,False,True,False,False
77,0.0,3,0,0,False,1,0,True,False,True,False,True,False,False
78,0.0,3,0,0,False,1,1,True,False,True,False,True,False,False
79,1.0,2,0,2,False,0,2,True,False,True,False,False,False,False
80,1.0,3,0,0,False,2,1,False,False,True,True,False,False,False
81,0.0,3,0,0,False,0,1,True,False,True,False,True,False,False
82,1.0,3,0,0,False,2,1,True,False,True,False,True,False,False
83,1.0,3,0,0,False,1,0,False,True,False,True,False,False,False
84,0.0,1,0,0,False,1,3,True,False,True,False,True,False,False
85,1.0,2,0,0,False,0,1,False,False,True,True,False,False,False
86,1.0,3,3,0,False,2,2,False,False,True,False,False,True,False
87,0.0,3,1,3,False,0,3,True,False,True,False,True,False,False
88,0.0,3,0,0,False,1,1,True,False,True,False,True,False,False
89,1.0,1,3,2,True,1,3,False,False,True,True,False,False,False
90,0.0,3,0,0,False,1,1,True,False,True,False,True,False,False
91,0.0,3,0,0,False,2,1,True,False,True,False,True,False,False
92,0.0,3,0,0,False,0,0,True,False,True,False,True,False,False
93,0.0,1,1,0,True,3,3,True,False,True,False,True,False,False
94,0.0,3,1,2,False,1,2,True,False,True,False,True,False,False
95,0.0,3,0,0,False,3,0,True,False,True,False,True,False,False
96,0.0,3,0,0,False,1,1,True,False,True,False,True,False,False
97,0.0,1,0,0,True,3,3,True,False,False,False,True,False,False
98,1.0,1,0,1,True,1,3,True,False,False,False,True,False,False
99,1.0,2,0,1,False,2,2,False,False,True,False,False,True,False
100,0.0,2,1,0,False,2,2,True,False,True,False,True,False,False
101,0.0,3,0,0,False,1,0,False,False,True,True,False,False,False
102,0.0,3,0,0,False,1,0,True,False,True,False,True,False,False
103,0.0,1,0,1,True,0,3,True,False,True,False,True,False,False
104,0.0,3,0,0,False,2,1,True,False,True,False,True,False,False
105,0.0,3,2,0,False,3,1,True,False,True,False,True,False,False
106,0.0,3,0,0,False,1,0,True,False,True,False,True,False,False
107,1.0,3,0,0,False,0,0,False,False,True,True,False,False,False
108,1.0,3,0,0,False,1,0,True,False,True,False,True,False,False
109,0.0,3,0,0,False,3,0,True,False,True,False,True,False,False
110,1.0,3,1,0,False,1,2,False,True,False,True,False,False,False
111,0.0,1,0,0,True,3,3,True,False,True,False,True,False,False
112,0.0,3,1,0,False,0,1,False,False,False,True,False,False,False
113,0.0,3,0,0,False,0,1,True,False,True,False,True,False,False
114,0.0,3,1,0,False,0,1,False,False,True,True,False,False,False
115,0.0,3,0,0,False,0,2,False,False,False,True,False,False,False
116,0.0,3,0,0,False,0,1,True,False,True,False,True,False,False
117,0.0,3,0,0,False,3,0,True,True,False,False,True,False,False
118,0.0,2,1,0,False,2,2,True,False,True,False,True,False,False
119,0.0,1,0,1,True,1,3,True,False,False,False,True,False,False
120,0.0,3,4,2,False,0,2,False,False,True,True,False,False,False
121,0.0,2,2,0,False,0,3,True,False,True,False,True,False,False
122,0.0,3,0,0,False,1,1,True,False,True,False,True,False,False
123,0.0,2,1,0,False,2,2,True,False,False,False,True,False,False
124,1.0,2,0,0,True,2,1,False,False,True,True,False,False,False
125,0.0,1,0,1,True,3,3,True,False,True,False,True,False,False
126,1.0,3,1,0,False,0,1,True,False,False,False,False,False,False
127,0.0,3,0,0,False,1,0,True,True,False,False,True,False,False
128,1.0,3,0,0,False,1,0,True,False,True,False,True,False,False
129,1.0,3,1,1,True,1,2,False,False,False,True,False,False,False
130,0.0,3,0,0,False,3,0,True,False,True,False,True,False,False
131,0.0,3,0,0,False,2,0,True,False,False,False,True,False,False
132,0.0,3,0,0,False,0,0,True,False,True,False,True,False,False
133,0.0,3,1,0,False,3,2,False,False,True,False,False,True,False
134,1.0,2,1,0,False,2,2,False,False,True,False,False,True,False
135,0.0,2,0,0,False,1,1,True,False,True,False,True,False,False
136,0.0,2,0,0,False,1,2,True,False,False,False,True,False,False
137,1.0,1,0,2,True,0,2,False,False,True,True,False,False,False
138,0.0,1,1,0,True,3,3,True,False,True,False,True,False,False
139,0.0,3,0,0,False,0,1,True,False,True,False,True,False,False
140,0.0,1,0,0,True,1,3,True,False,False,False,True,False,False
141,0.0,3,0,2,False,1,2,False,False,False,False,False,True,False
142,1.0,3,0,0,False,0,0,False,False,True,True,False,False,False
143,1.0,3,1,0,False,1,2,False,False,True,False,False,True,False
144,0.0,3,0,0,False,0,0,True,True,False,False,True,False,False
145,0.0,2,0,0,False,0,1,True,False,True,False,True,False,False
146,0.0,2,1,1,False,0,3,True,False,True,False,True,False,False
147,1.0,3,0,0,False,1,0,True,False,True,False,True,False,False
148,0.0,3,2,2,False,0,3,False,False,True,True,False,False,False
149,0.0,2,0,2,True,3,2,True,False,True,False,True,False,False
150,0.0,2,0,0,False,3,1,True,False,True,False,False,False,True
151,0.0,2,0,0,False,3,1,True,False,True,False,False,False,True
152,1.0,1,1,0,True,0,3,False,False,True,False,False,True,False
153,0.0,3,0,0,False,3,1,True,False,True,False,True,False,False
154,0.0,3,0,2,False,3,2,True,False,True,False,True,False,False
155,0.0,3,0,0,False,1,0,True,False,True,False,True,False,False
156,0.0,1,0,1,False,3,3,True,False,False,False,True,False,False
157,1.0,3,0,0,False,0,0,False,True,False,True,False,False,False
158,0.0,3,0,0,False,2,1,True,False,True,False,True,False,False
159,0.0,3,0,0,False,1,1,True,False,True,False,True,False,False
160,0.0,3,8,2,False,1,3,True,False,True,False,False,False,False
161,0.0,3,0,1,False,3,2,True,False,True,False,True,False,False
162,1.0,2,0,0,False,3,2,False,False,True,False,False,True,False
163,0.0,3,0,0,False,1,0,True,False,True,False,True,False,False
164,0.0,3,0,0,False,0,1,True,False,True,False,True,False,False
165,0.0,3,4,1,False,0,3,True,False,True,False,False,False,False
166,1.0,3,0,2,False,0,2,True,False,True,False,False,False,False
167,1.0,1,0,1,True,1,3,False,False,True,False,False,True,False
168,0.0,3,1,4,False,3,2,False,False,True,False,False,True,False
169,0.0,1,0,0,False,1,2,True,False,True,False,True,False,False
170,0.0,3,0,0,False,1,3,True,False,True,False,True,False,False
171,0.0,1,0,0,True,3,3,True,False,True,False,True,False,False
172,0.0,3,4,1,False,0,2,True,True,False,False,False,False,False
173,1.0,3,1,1,False,0,1,False,False,True,True,False,False,False
174,0.0,3,0,0,False,0,1,True,False,True,False,True,False,False
175,0.0,1,0,0,True,3,2,True,False,False,False,True,False,False
176,0.0,3,1,1,False,0,0,True,False,True,False,True,False,False
177,0.0,3,3,1,False,1,2,True,False,True,False,False,False,False
178,0.0,1,0,0,True,3,2,False,False,False,True,False,False,False
179,0.0,2,0,0,False,2,1,True,False,True,False,True,False,False
180,0.0,3,0,0,False,3,0,True,False,True,False,True,False,False
181,0.0,3,8,2,False,1,3,False,False,True,True,False,False,False
182,0.0,2,0,0,False,1,2,True,False,False,False,True,False,False
183,0.0,3,4,2,False,0,3,True,False,True,False,False,False,False
184,1.0,2,2,1,True,0,3,True,False,True,False,False,False,False
185,1.0,3,0,2,False,0,2,False,False,True,True,False,False,False
186,0.0,1,0,0,True,1,3,True,False,True,False,True,False,False
187,1.0,3,1,0,False,1,2,False,True,False,False,False,True,False
188,1.0,1,0,0,False,3,2,True,False,True,False,True,False,False
189,0.0,3,1,1,False,3,2,True,True,False,False,True,False,False
190,0.0,3,0,0,False,3,0,True,False,True,False,True,False,False
191,1.0,2,0,0,False,2,1,False,False,True,False,False,True,False
192,0.0,2,0,0,False,0,1,True,False,True,False,True,False,False
193,1.0,3,1,0,False,0,0,False,False,True,True,False,False,False
194,1.0,2,1,1,True,0,2,True,False,True,False,False,False,False
195,1.0,1,0,0,True,3,2,False,False,False,False,False,True,False
196,1.0,1,0,0,True,3,3,False,False,False,True,False,False,False
197,0.0,3,0,0,False,1,0,True,True,False,False,True,False,False
198,0.0,3,0,1,False,3,1,True,False,True,False,True,False,False
199,1.0,3,0,0,False,1,0,False,True,False,True,False,False,False
200,0.0,2,0,0,False,1,1,False,False,True,True,False,False,False
201,0.0,3,0,0,False,1,1,True,False,True,False,True,False,False
202,0.0,3,8,2,False,1,3,True,False,True,False,True,False,False
203,0.0,3,0,0,False,2,0,True,False,True,False,True,False,False
204,0.0,3,0,0,False,3,0,True,False,False,False,True,False,False
205,1.0,3,0,0,False,0,1,True,False,True,False,True,False,False
206,0.0,3,0,1,True,0,1,False,False,True,True,False,False,False
207,0.0,3,1,0,False,2,2,True,False,True,False,True,False,False
208,1.0,3,0,0,False,1,2,True,False,False,False,True,False,False
209,1.0,3,0,0,False,0,0,False,True,False,True,False,False,False
210,1.0,1,0,0,True,3,2,True,False,False,False,True,False,False
211,0.0,3,0,0,False,1,0,True,False,True,False,True,False,False
212,1.0,2,0,0,False,2,2,False,False,True,True,False,False,False
213,0.0,3,0,0,False,0,0,True,False,True,False,True,False,False
214,0.0,2,0,0,False,2,1,True,False,True,False,True,False,False
215,0.0,3,1,0,False,1,0,True,True,False,False,True,False,False
216,1.0,1,1,0,True,2,3,False,False,False,True,False,False,False
217,1.0,3,0,0,False,1,1,False,False,True,True,False,False,False
218,0.0,2,1,0,False,3,2,True,False,True,False,True,False,False
219,1.0,1,0,0,True,2,3,False,False,False,True,False,False,False
220,0.0,2,0,0,False,2,1,True,False,True,False,True,False,False
221,1.0,3,0,0,False,0,1,True,False,True,False,True,False,False
222,0.0,2,0,0,False,1,1,True,False,True,False,True,False,False
223,0.0,3,0,0,False,3,1,True,False,True,False,True,False,False
224,0.0,3,0,0,False,1,0,True,False,True,False,True,False,False
225,1.0,1,1,0,True,3,3,True,False,True,False,True,False,False
226,0.0,3,0,0,False,0,1,True,False,True,False,True,False,False
227,1.0,2,0,0,False,0,1,True,False,True,False,True,False,False
228,0.0,3,0,0,False,0,0,True,False,True,False,True,False,False
229,0.0,2,0,0,False,0,1,True,False,True,False,True,False,False
230,0.0,3,3,1,False,1,2,False,False,True,True,False,False,False
231,1.0,1,1,0,True,2,3,False,False,True,False,False,True,False
232,0.0,3,0,0,False,2,0,True,False,True,False,True,False,False
233,0.0,2,0,0,False,3,1,True,False,True,False,True,False,False
234,1.0,3,4,2,False,0,3,False,False,True,True,False,False,False
235,0.0,2,0,0,False,1,1,True,False,True,False,True,False,False
236,0.0,3,0,0,False,1,0,False,False,True,True,False,False,False
237,0.0,2,1,0,False,3,2,True,False,True,False,True,False,False
238,1.0,2,0,2,False,0,2,False,False,True,True,False,False,False
239,0.0,2,0,0,False,0,1,True,False,True,False,True,False,False
240,0.0,2,0,0,False,2,1,True,False,True,False,True,False,False
241,0.0,3,1,0,False,1,1,False,False,False,True,False,False,False
242,1.0,3,1,0,False,1,2,False,True,False,True,False,False,False
243,0.0,2,0,0,False,2,1,True,False,True,False,True,False,False
244,0.0,3,0,0,False,0,0,True,False,True,False,True,False,False
245,0.0,3,0,0,False,2,0,True,False,False,False,True,False,False
246,0.0,1,2,0,True,3,3,True,True,False,False,False,False,True
247,0.0,3,0,0,False,1,0,False,False,True,True,False,False,False
248,1.0,2,0,2,False,1,2,False,False,True,False,False,True,False
249,1.0,1,1,1,True,3,3,True,False,True,False,True,False,False
250,0.0,2,1,0,False,3,2,True,False,True,False,False,False,True
251,0.0,3,0,0,False,1,0,True,False,True,False,True,False,False
252,0.0,3,1,1,True,2,1,False,False,True,False,False,True,False
253,0.0,1,0,0,True,3,2,True,False,True,False,True,False,False
254,0.0,3,1,0,False,2,2,True,False,True,False,True,False,False
255,0.0,3,0,2,False,3,2,False,False,True,False,False,True,False
256,1.0,3,0,2,False,2,2,False,False,False,False,False,True,False
257,1.0,1,0,0,False,1,3,False,False,False,False,False,True,False
258,1.0,1,0,0,True,2,3,False,False,True,True,False,False,False
259,1.0,1,0,0,False,2,3,False,False,False,True,False,False,False
260,1.0,2,0,1,False,3,2,False,False,True,False,False,True,False
261,0.0,3,0,0,False,1,0,True,True,False,False,True,False,False
262,1.0,3,4,2,False,0,3,True,False,True,False,False,False,False
263,0.0,1,1,1,True,3,3,True,False,True,False,True,False,False
264,0.0,1,0,0,True,3,0,True,False,True,False,True,False,False
265,0.0,3,0,0,False,1,0,False,True,False,True,False,False,False
266,0.0,2,0,0,False,3,1,True,False,True,False,True,False,False
267,0.0,3,4,1,False,0,3,True,False,True,False,True,False,False
268,1.0,3,1,0,False,1,0,True,False,True,False,True,False,False
269,1.0,1,0,1,True,3,3,False,False,True,False,False,True,False
270,1.0,1,0,0,True,2,3,False,False,True,True,False,False,False
271,0.0,1,0,0,False,1,2,True,False,True,False,True,False,False
272,1.0,3,0,0,False,1,0,True,False,True,False,True,False,False
273,1.0,2,0,1,False,3,2,False,False,True,False,False,True,False
274,0.0,1,0,1,True,3,2,True,False,False,False,True,False,False
275,1.0,3,0,0,False,1,0,False,True,False,True,False,False,False
276,1.0,1,1,0,True,3,3,False,False,True,True,False,False,False
277,0.0,3,0,0,False,3,0,False,False,True,True,False,False,False
278,0.0,2,0,0,False,1,0,True,False,True,False,True,False,False
279,0.0,3,4,1,False,0,2,True,True,False,False,False,False,False
280,1.0,3,1,1,False,2,2,False,False,True,False,False,True,False
281,0.0,3,0,0,False,3,0,True,True,False,False,True,False,False
282,0.0,3,0,0,False,1,0,True,False,True,False,True,False,False
283,0.0,3,0,0,False,0,1,True,False,True,False,True,False,False
284,1.0,3,0,0,False,0,1,True,False,True,False,True,False,False
285,0.0,1,0,0,True,1,2,True,False,True,False,True,False,False
286,0.0,3,0,0,False,2,1,True,False,False,False,True,False,False
287,1.0,3,0,0,False,2,1,True,False,True,False,True,False,False
288,0.0,3,0,0,False,0,0,True,False,True,False,True,False,False
289,1.0,2,0,0,False,3,1,True,False,True,False,True,False,False
290,1.0,3,0,0,False,0,0,False,True,False,True,False,False,False
291,1.0,1,0,0,False,1,3,False,False,True,True,False,False,False
292,1.0,1,1,0,True,0,3,False,False,False,False,False,True,False
293,0.0,2,0,0,True,3,1,True,False,False,False,True,False,False
294,0.0,3,0,0,False,1,1,False,False,True,True,False,False,False
295,0.0,3,0,0,False,1,0,True,False,True,False,True,False,False
296,0.0,1,0,0,False,1,2,True,False,False,False,True,False,False
297,0.0,3,0,0,False,1,0,True,False,False,False,True,False,False
298,0.0,1,1,2,True,0,3,False,False,True,True,False,False,False
299,1.0,1,0,0,True,1,2,True,False,True,False,True,False,False
300,1.0,1,0,1,True,3,3,False,False,False,False,False,True,False
301,1.0,3,0,0,False,1,0,False,True,False,True,False,False,False
302,1.0,3,2,0,False,1,2,True,True,False,False,True,False,False
303,0.0,3,0,0,False,0,0,True,False,True,False,True,False,False
304,1.0,2,0,0,True,1,1,False,True,False,True,False,False,False
305,0.0,3,0,0,False,1,1,True,False,True,False,True,False,False
306,1.0,1,1,2,True,0,3,True,False,True,False,False,False,False
307,1.0,1,0,0,False,1,3,False,False,False,True,False,False,False
308,1.0,1,1,0,True,0,3,False,False,False,False,False,True,False
309,0.0,2,1,0,False,2,2,True,False,False,False,True,False,False
310,1.0,1,0,0,True,2,3,False,False,False,True,False,False,False
311,1.0,1,0,0,True,1,3,False,False,False,True,False,False,False
312,1.0,1,2,2,True,0,3,False,False,False,True,False,False,False
313,0.0,2,1,1,False,1,2,False,False,True,False,False,True,False
314,0.0,3,0,0,False,1,0,True,False,True,False,True,False,False
315,0.0,2,1,1,False,3,2,True,False,True,False,True,False,False
316,1.0,3,0,0,False,1,0,False,False,True,True,False,False,False
317,1.0,2,1,0,False,1,2,False,False,True,False,False,True,False
318,0.0,2,0,0,False,3,1,True,False,True,False,False,False,True
319,1.0,1,0,2,True,2,3,False,False,True,True,False,False,False
320,1.0,1,1,1,True,3,3,False,False,False,False,False,True,False
321,0.0,3,0,0,False,0,0,True,False,True,False,True,False,False
322,0.0,3,0,0,False,1,0,True,False,True,False,True,False,False
323,1.0,2,0,0,False,2,1,False,True,False,True,False,False,False
324,1.0,2,1,1,False,0,2,False,False,True,False,False,True,False
325,0.0,3,8,2,False,1,3,True,False,True,False,True,False,False
326,1.0,1,0,0,True,3,3,False,False,False,True,False,False,False
327,0.0,3,0,0,False,3,0,True,False,True,False,True,False,False
328,1.0,2,0,0,True,3,1,False,False,True,False,False,True,False
329,1.0,3,1,1,False,2,2,False,False,True,False,False,True,False
330,1.0,1,0,1,True,0,3,False,False,False,True,False,False,False
331,1.0,3,2,0,False,1,2,False,True,False,True,False,False,False
332,0.0,1,0,0,True,3,2,True,False,True,False,True,False,False
333,0.0,1,0,1,True,3,3,True,False,True,False,True,False,False
334,0.0,3,2,0,False,0,2,True,False,True,False,True,False,False
335,1.0,1,1,0,False,1,3,False,False,True,False,False,True,False
336,0.0,3,0,0,False,1,0,True,False,True,False,True,False,False
337,0.0,1,1,0,True,2,3,True,False,True,False,True,False,False
338,1.0,1,0,0,True,3,3,False,False,False,True,False,False,False
339,1.0,3,0,0,False,3,1,True,False,True,False,True,False,False
340,0.0,1,0,0,True,3,3,True,False,True,False,True,False,False
341,1.0,2,1,1,True,0,2,True,False,True,False,False,False,False
342,1.0,1,3,2,True,1,3,False,False,True,True,False,False,False
343,0.0,2,0,0,False,1,1,True,False,True,False,True,False,False
344,0.0,2,0,0,False,1,1,True,False,True,False,True,False,False
345,0.0,2,0,0,False,3,1,True,False,True,False,True,False,False
346,1.0,2,0,0,True,1,1,False,False,True,True,False,False,False
347,1.0,2,0,0,False,3,1,False,False,True,True,False,False,False
348,1.0,3,1,0,False,1,2,False,False,True,False,False,True,False
349,1.0,3,1,1,False,0,2,True,False,True,False,False,False,False
350,0.0,3,0,0,False,3,1,True,False,True,False,True,False,False
351,0.0,3,0,0,False,1,1,True,False,True,False,True,False,False
352,0.0,1,0,0,True,1,3,True,False,True,False,True,False,False
353,0.0,3,1,1,False,0,0,True,False,False,False,True,False,False
354,0.0,3,1,0,False,1,2,True,False,True,False,True,False,False
355,0.0,3,0,0,False,1,0,True,False,False,False,True,False,False
356,0.0,3,0,0,False,1,1,True,False,True,False,True,False,False
357,1.0,1,0,1,True,0,3,False,False,True,True,False,False,False
358,0.0,2,0,0,False,3,1,False,False,True,True,False,False,False
359,1.0,3,0,0,False,1,0,False,True,False,True,False,False,False
360,1.0,3,0,0,False,1,0,False,True,False,True,False,False,False
361,0.0,3,1,4,False,3,2,True,False,True,False,True,False,False
362,0.0,2,1,0,False,2,2,True,False,False,False,True,False,False
363,0.0,3,0,1,False,3,1,False,False,False,False,False,True,False
364,0.0,3,0,0,False,2,0,True,False,True,False,True,False,False
365,0.0,3,1,0,False,1,2,True,True,False,False,True,False,False
366,0.0,3,0,0,False,2,0,True,False,True,False,True,False,False
367,1.0,1,1,0,True,3,3,False,False,False,False,False,True,False
368,1.0,3,0,0,False,1,0,False,False,False,False,False,True,False
369,1.0,3,0,0,False,1,0,False,True,False,True,False,False,False
370,1.0,1,0,0,True,1,3,False,False,False,False,False,True,False
371,1.0,1,1,0,True,1,3,True,False,False,False,True,False,False
372,0.0,3,1,0,False,0,0,True,False,True,False,True,False,False
373,0.0,3,0,0,False,0,1,True,False,True,False,True,False,False
374,0.0,1,0,0,False,0,3,True,False,False,False,True,False,False
375,0.0,3,3,1,False,0,2,False,False,True,True,False,False,False
376,1.0,1,1,0,False,1,3,False,False,False,False,False,True,False
377,1.0,3,0,0,False,0,0,False,False,True,True,False,False,False
378,0.0,1,0,2,True,1,3,True,False,False,False,True,False,False
379,0.0,3,0,0,False,0,0,True,False,False,False,True,False,False
380,0.0,3,0,0,False,0,0,True,False,True,False,True,False,False
381,1.0,1,0,0,False,3,3,False,False,False,True,False,False,False
382,1.0,3,0,2,False,0,2,False,False,False,True,False,False,False
383,0.0,3,0,0,False,2,1,True,False,True,False,True,False,False
384,1.0,1,1,0,False,2,3,False,False,True,False,False,True,False
385,0.0,3,0,0,False,1,0,True,False,True,False,True,False,False
386,0.0,2,0,0,False,0,3,True,False,True,False,True,False,False
387,0.0,3,5,2,False,0,3,True,False,True,False,False,False,False
388,1.0,2,0,0,False,3,1,False,False,True,True,False,False,False
389,0.0,3,0,0,False,1,0,True,True,False,False,True,False,False
390,1.0,2,0,0,False,0,1,False,False,False,True,False,False,False
391,1.0,1,1,2,True,3,3,True,False,True,False,True,False,False
392,1.0,3,0,0,False,0,0,True,False,True,False,True,False,False
393,0.0,3,2,0,False,1,1,True,False,True,False,True,False,False
394,1.0,1,1,0,True,1,3,False,False,False,True,False,False,False
395,1.0,3,0,2,True,1,2,False,False,True,False,False,True,False
396,0.0,3,0,0,False,0,0,True,False,True,False,True,False,False
397,0.0,3,0,0,False,2,0,False,False,True,True,False,False,False
398,0.0,2,0,0,False,3,2,True,False,True,False,True,False,False
399,0.0,2,0,0,False,1,1,True,False,True,False,False,False,True
400,1.0,2,0,0,False,1,1,False,False,True,False,False,True,False
401,1.0,3,0,0,False,3,1,True,False,True,False,True,False,False
402,0.0,3,0,0,False,1,1,True,False,True,False,True,False,False
403,0.0,3,1,0,False,0,1,False,False,True,True,False,False,False
404,0.0,3,1,0,False,1,2,True,False,True,False,True,False,False
405,0.0,3,0,0,False,0,1,False,False,True,True,False,False,False
406,0.0,2,1,0,False,2,2,True,False,True,False,True,False,False
407,0.0,3,0,0,False,3,0,True,False,True,False,True,False,False
408,1.0,2,1,1,False,0,2,True,False,True,False,False,False,False
409,0.0,3,0,0,False,0,0,True,False,True,False,True,False,False
410,0.0,3,3,1,False,1,2,False,False,True,True,False,False,False
411,0.0,3,0,0,False,1,0,True,False,True,False,True,False,False
412,0.0,3,0,0,False,1,0,True,True,False,False,True,False,False
413,1.0,1,1,0,True,2,3,False,True,False,True,False,False,False
414,0.0,2,0,0,False,1,0,True,False,True,False,True,False,False
415,1.0,3,0,0,False,3,1,True,False,True,False,True,False,False
416,0.0,3,0,0,False,1,1,False,False,True,False,False,True,False
417,1.0,2,1,1,False,2,3,False,False,True,False,False,True,False
418,1.0,2,0,2,False,0,1,False,False,True,True,False,False,False
419,0.0,2,0,0,False,2,1,True,False,True,False,True,False,False
420,0.0,3,0,2,False,0,2,False,False,True,True,False,False,False
421,0.0,3,0,0,False,1,0,True,False,False,False,True,False,False
422,0.0,3,0,0,False,0,0,True,True,False,False,True,False,False
423,0.0,3,0,0,False,2,0,True,False,True,False,True,False,False
424,0.0,3,1,1,False,1,1,False,False,True,False,False,True,False
425,0.0,3,1,1,False,0,2,True,False,True,False,True,False,False
426,0.0,3,0,0,False,1,0,True,False,True,False,True,False,False
427,1.0,2,1,0,False,1,2,False,False,True,False,False,True,False
428,1.0,2,0,0,False,0,2,False,False,True,True,False,False,False
429,0.0,3,0,0,False,1,0,True,True,False,False,True,False,False
430,1.0,3,0,0,True,2,1,True,False,True,False,True,False,False
431,1.0,1,0,0,True,1,2,True,False,True,False,True,False,False
432,1.0,3,1,0,False,1,2,False,False,True,False,False,True,False
433,1.0,2,1,0,False,3,2,False,False,True,False,False,True,False
434,0.0,3,0,0,False,0,0,True,False,True,False,True,False,False
435,0.0,1,1,0,True,3,3,True,False,True,False,True,False,False
436,1.0,1,1,2,True,0,3,False,False,True,True,False,False,False
437,0.0,3,2,2,False,0,3,False,False,True,True,False,False,False
438,1.0,2,2,3,False,1,2,False,False,True,False,False,True,False
439,0.0,1,1,4,True,3,3,True,False,True,False,True,False,False
440,0.0,2,0,0,False,2,1,True,False,True,False,True,False,False
441,1.0,2,1,1,False,3,2,False,False,True,False,False,True,False
442,0.0,3,0,0,False,0,1,True,False,True,False,True,False,False
443,0.0,3,1,0,False,1,0,True,False,True,False,True,False,False
444,1.0,2,0,0,False,1,1,False,False,True,True,False,False,False
445,1.0,3,0,0,False,1,1,True,False,True,False,True,False,False
446,1.0,1,0,2,True,0,3,True,False,True,False,False,False,False
447,1.0,2,0,1,False,0,2,False,False,True,True,False,False,False
448,1.0,1,0,0,False,2,2,True,False,True,False,True,False,False
449,1.0,3,2,1,False,0,2,False,False,False,True,False,False,False
450,1.0,1,0,0,True,3,2,True,False,True,False,False,False,True
451,0.0,2,1,2,False,3,2,True,False,True,False,True,False,False
452,0.0,3,1,0,False,1,2,True,False,True,False,True,False,False
453,0.0,1,0,0,True,2,2,True,False,False,False,True,False,False
454,1.0,1,1,0,True,3,3,True,False,False,False,True,False,False
455,0.0,3,0,0,False,1,1,True,False,True,False,True,False,False
456,1.0,3,0,0,False,2,0,True,False,False,False,True,False,False
457,0.0,1,0,0,True,3,2,True,False,True,False,True,False,False
458,1.0,1,1,0,True,1,3,False,False,True,False,False,True,False
459,1.0,2,0,0,False,3,1,False,False,True,True,False,False,False
460,0.0,3,0,0,False,1,0,True,True,False,False,True,False,False
461,1.0,1,0,0,True,3,2,True,False,True,False,True,False,False
462,0.0,3,0,0,False,2,1,True,False,True,False,True,False,False
463,0.0,1,0,0,True,3,3,True,False,True,False,True,False,False
464,0.0,2,0,0,False,3,1,True,False,True,False,True,False,False
465,0.0,3,0,0,False,1,1,True,False,True,False,True,False,False
466,0.0,3,0,0,False,3,0,True,False,True,False,True,False,False
467,0.0,2,0,0,False,1,0,True,False,True,False,True,False,False
468,0.0,1,0,0,False,3,2,True,False,True,False,True,False,False
469,0.0,3,0,0,False,1,0,True,True,False,False,True,False,False
470,1.0,3,2,1,False,0,2,False,False,False,True,False,False,False
471,0.0,3,0,0,False,1,0,True,False,True,False,True,False,False
472,0.0,3,0,0,False,3,1,True,False,True,False,True,False,False
473,1.0,2,1,2,False,2,2,False,False,True,False,False,True,False
474,1.0,2,0,0,True,1,1,False,False,False,False,False,True,False
475,0.0,3,0,0,False,0,1,False,False,True,True,False,False,False
476,0.0,1,0,0,True,1,3,True,False,True,False,True,False,False
477,0.0,2,1,0,False,2,2,True,False,True,False,True,False,False
478,0.0,3,1,0,False,2,0,True,False,True,False,True,False,False
479,0.0,3,0,0,False,0,0,True,False,True,False,True,False,False
480,1.0,3,0,1,False,0,1,False,False,True,True,False,False,False
481,0.0,3,5,2,False,0,3,True,False,True,False,False,False,False
482,0.0,2,0,0,False,1,0,True,False,True,False,True,False,False
483,0.0,3,0,0,False,3,1,True,False,True,False,True,False,False
484,1.0,3,0,0,False,3,1,False,False,True,False,False,True,False
485,1.0,1,1,0,True,1,3,True,False,False,False,True,False,False
486,0.0,3,3,1,False,1,2,False,False,True,True,False,False,False
487,1.0,1,1,0,True,2,3,False,False,True,False,False,True,False
488,0.0,1,0,0,True,3,2,True,False,False,False,True,False,False
489,0.0,3,0,0,False,2,1,True,False,True,False,True,False,False
490,1.0,3,1,1,False,0,2,True,False,True,False,False,False,False
491,0.0,3,1,0,False,1,2,True,False,True,False,True,False,False
492,0.0,3,0,0,False,0,0,True,False,True,False,True,False,False
493,0.0,1,0,0,True,3,2,True,False,True,False,True,False,False
494,0.0,1,0,0,False,3,3,True,False,False,False,True,False,False
495,0.0,3,0,0,False,0,1,True,False,True,False,True,False,False
496,0.0,3,0,0,False,1,2,True,False,False,False,True,False,False
497,1.0,1,1,0,True,3,3,False,False,False,True,False,False,False
498,0.0,3,0,0,False,1,2,True,False,True,False,True,False,False
499,0.0,1,1,2,True,1,3,False,False,True,False,False,True,False
500,0.0,3,0,0,False,1,0,True,False,True,False,True,False,False
501,0.0,3,0,0,False,0,1,True,False,True,False,True,False,False
502,0.0,3,0,0,False,0,0,False,True,False,True,False,False,False
503,0.0,3,0,0,False,1,0,False,True,False,True,False,False,False
504,0.0,3,0,0,False,3,1,False,False,True,True,False,False,False
505,1.0,1,0,0,True,0,3,False,False,True,True,False,False,False
506,0.0,1,1,0,True,0,3,True,False,False,False,True,False,False
507,1.0,2,0,2,False,2,2,False,False,True,False,False,True,False
508,1.0,1,0,0,False,1,2,True,False,True,False,True,False,False
509,0.0,3,0,0,False,1,2,True,False,True,False,True,False,False
510,1.0,3,0,0,False,1,3,True,False,True,False,True,False,False
511,1.0,3,0,0,False,2,0,True,True,False,False,True,False,False
512,0.0,3,0,0,False,1,1,True,False,True,False,True,False,False
513,1.0,1,0,0,True,3,2,True,False,True,False,True,False,False
514,1.0,1,1,0,False,3,3,False,False,False,False,False,True,False
515,0.0,3,0,0,False,1,0,True,False,True,False,True,False,False
516,0.0,1,0,0,True,3,3,True,False,True,False,True,False,False
517,1.0,2,0,0,True,2,1,False,False,True,False,False,True,False
518,0.0,3,0,0,False,1,2,True,True,False,False,True,False,False
519,1.0,2,1,0,False,3,2,False,False,True,False,False,True,False
520,0.0,3,0,0,False,2,0,True,False,True,False,True,False,False
521,1.0,1,0,0,True,2,3,False,False,True,True,False,False,False
522,0.0,3,0,0,False,0,0,True,False,True,False,True,False,False
523,0.0,3,0,0,False,1,0,True,False,False,False,True,False,False
524,1.0,1,0,1,True,3,3,False,False,False,False,False,True,False
525,0.0,3,0,0,False,1,0,True,False,False,False,True,False,False
526,0.0,3,0,0,False,3,0,True,True,False,False,True,False,False
527,1.0,2,0,0,False,3,1,False,False,True,True,False,False,False
528,0.0,1,0,0,True,1,3,True,False,True,False,True,False,False
529,0.0,3,0,0,False,3,1,True,False,True,False,True,False,False
530,0.0,2,2,1,False,1,1,True,False,True,False,True,False,False
531,1.0,2,1,1,False,0,2,False,False,True,True,False,False,False
532,0.0,3,0,0,False,1,0,True,False,False,False,True,False,False
533,0.0,3,1,1,False,0,0,True,False,False,False,True,False,False
534,1.0,3,0,2,False,1,2,False,False,False,False,False,True,False
535,0.0,3,0,0,False,2,1,False,False,True,True,False,False,False
536,1.0,2,0,2,False,0,2,False,False,True,True,False,False,False
537,0.0,1,0,0,True,3,2,True,False,True,False,False,False,True
538,1.0,1,0,0,False,2,3,False,False,False,True,False,False,False
539,0.0,3,0,0,False,1,2,True,False,True,False,True,False,False
540,1.0,1,0,2,True,0,3,False,False,False,True,False,False,False
541,1.0,1,0,2,True,3,3,False,False,True,True,False,False,False
542,0.0,3,4,2,False,0,2,False,False,True,True,False,False,False
543,0.0,3,4,2,False,0,2,False,False,True,True,False,False,False
544,1.0,2,1,0,False,2,2,True,False,True,False,True,False,False
545,0.0,1,1,0,True,3,3,True,False,False,False,True,False,False
546,0.0,1,0,0,False,3,2,True,False,True,False,True,False,False
547,1.0,2,1,0,False,0,2,False,False,True,False,False,True,False
548,1.0,2,0,0,False,1,1,True,False,False,False,True,False,False
549,0.0,3,1,1,False,2,2,True,False,True,False,True,False,False
550,1.0,2,1,1,False,0,3,True,False,True,False,False,False,False
551,1.0,1,0,2,True,0,3,True,False,False,False,True,False,False
552,0.0,2,0,0,False,1,2,True,False,True,False,True,False,False
553,0.0,3,0,0,False,1,0,True,True,False,False,True,False,False
554,1.0,3,0,0,False,0,0,True,False,False,False,True,False,False
555,1.0,3,0,0,False,0,0,False,False,True,True,False,False,False
556,0.0,1,0,0,False,3,2,True,False,True,False,True,False,False
557,1.0,1,1,0,True,3,3,False,False,False,False,False,False,True
558,0.0,1,0,0,False,1,3,True,False,False,False,True,False,False
559,1.0,1,1,1,True,3,3,False,False,True,False,False,True,False
560,1.0,3,1,0,False,3,2,False,False,True,False,False,True,False
561,0.0,3,0,0,False,1,0,True,True,False,False,True,False,False
562,0.0,3,0,0,False,3,0,True,False,True,False,True,False,False
563,0.0,2,0,0,False,1,1,True,False,True,False,True,False,False
564,0.0,3,0,0,False,1,1,True,False,True,False,True,False,False
565,0.0,3,0,0,False,1,1,False,False,True,True,False,False,False
566,0.0,3,2,0,False,1,2,True,False,True,False,True,False,False
567,0.0,3,0,0,False,0,0,True,False,True,False,True,False,False
568,0.0,3,0,4,False,2,2,False,False,True,False,False,True,False
569,0.0,3,0,0,False,1,0,True,False,False,False,True,False,False
570,1.0,3,0,0,False,2,0,True,False,True,False,True,False,False
571,1.0,2,0,0,False,3,1,True,False,True,False,True,False,False
572,1.0,1,2,0,True,3,3,False,False,True,False,False,True,False
573,1.0,1,0,0,True,3,2,True,False,True,False,True,False,False
574,1.0,3,0,0,False,1,0,False,True,False,True,False,False,False
575,0.0,3,0,0,False,0,1,True,False,True,False,True,False,False
576,0.0,3,0,0,False,0,2,True,False,True,False,True,False,False
577,1.0,2,0,0,False,2,1,False,False,True,True,False,False,False
578,1.0,1,1,0,True,3,3,False,False,True,False,False,True,False
579,0.0,3,1,0,False,1,2,False,False,False,False,False,True,False
580,1.0,3,0,0,False,2,1,True,False,True,False,True,False,False
581,1.0,2,1,1,False,1,2,False,False,True,True,False,False,False
582,1.0,1,1,1,True,3,3,False,False,False,False,False,True,False
583,0.0,2,0,0,False,3,2,True,False,True,False,True,False,False
584,0.0,1,0,0,True,3,3,True,False,False,False,True,False,False
585,0.0,3,0,0,False,1,1,True,False,False,False,True,False,False
586,1.0,1,0,2,True,0,3,False,False,True,True,False,False,False
587,0.0,2,0,0,False,3,2,True,False,True,False,True,False,False
588,1.0,1,1,1,True,3,3,True,False,False,False,True,False,False
589,0.0,3,0,0,False,0,1,True,False,True,False,True,False,False
590,0.0,3,0,0,False,1,1,True,False,True,False,True,False,False
591,0.0,3,0,0,False,2,0,True,False,True,False,True,False,False
592,1.0,1,1,0,True,3,3,False,False,False,False,False,True,False
593,0.0,3,0,0,False,3,0,True,False,True,False,True,False,False
594,0.0,3,0,2,False,1,0,False,True,False,True,False,False,False
595,0.0,2,1,0,False,3,2,True,False,True,False,True,False,False
596,0.0,3,1,1,False,3,2,True,False,True,False,True,False,False
597,1.0,2,0,0,False,1,3,False,False,True,True,False,False,False
598,0.0,3,0,0,False,3,0,True,False,True,False,True,False,False
599,0.0,3,0,0,False,1,0,True,False,False,False,True,False,False
600,1.0,1,1,0,True,3,3,True,False,False,False,False,False,True
601,1.0,2,2,1,False,1,2,False,False,True,False,False,True,False
602,0.0,3,0,0,False,1,0,True,False,True,False,True,False,False
603,0.0,1,0,0,False,1,3,True,False,True,False,True,False,False
604,0.0,3,0,0,False,3,1,True,False,True,False,True,False,False
605,1.0,1,0,0,False,2,2,True,False,False,False,True,False,False
606,0.0,3,1,0,False,3,2,True,False,True,False,True,False,False
607,0.0,3,0,0,False,2,0,True,False,True,False,True,False,False
608,1.0,1,0,0,False,1,2,True,False,True,False,True,False,False
609,1.0,2,1,2,False,0,3,False,False,False,False,False,True,False
610,1.0,1,0,0,True,3,3,False,False,True,True,False,False,False
611,0.0,3,1,5,False,3,2,False,False,True,False,False,True,False
612,0.0,3,0,0,False,1,0,True,False,True,False,True,False,False
613,1.0,3,1,0,False,1,2,False,True,False,True,False,False,False
614,0.0,3,0,0,False,1,0,True,True,False,False,True,False,False
615,0.0,3,0,0,False,2,1,True,False,True,False,True,False,False
616,1.0,2,1,2,False,1,3,False,False,True,True,False,False,False
617,0.0,3,1,1,False,2,1,True,False,True,False,True,False,False
618,0.0,3,1,0,False,1,2,False,False,True,False,False,True,False
619,1.0,2,2,1,True,0,3,False,False,True,True,False,False,False
620,0.0,2,0,0,False,1,1,True,False,True,False,True,False,False
621,0.0,3,1,0,False,1,1,True,False,False,False,True,False,False
622,1.0,1,1,0,True,3,3,True,False,True,False,True,False,False
623,1.0,3,1,1,False,0,2,True,False,False,False,True,False,False
624,0.0,3,0,0,False,0,0,True,False,True,False,True,False,False
625,0.0,3,0,0,False,0,2,True,False,True,False,True,False,False
626,0.0,1,0,0,True,3,3,True,False,True,False,True,False,False
627,0.0,2,0,0,False,3,1,True,True,False,False,False,False,True
628,1.0,1,0,0,True,0,3,False,False,True,True,False,False,False
629,0.0,3,0,0,False,1,0,True,False,True,False,True,False,False
630,0.0,3,0,0,False,1,0,True,True,False,False,True,False,False
631,1.0,1,0,0,True,3,2,True,False,True,False,True,False,False
632,0.0,3,0,0,False,3,0,True,False,True,False,True,False,False
633,1.0,1,0,0,True,2,2,True,False,False,False,False,False,True
634,0.0,1,0,0,False,1,0,True,False,True,False,True,False,False
635,0.0,3,3,2,False,0,2,False,False,True,True,False,False,False
636,1.0,2,0,0,False,1,1,False,False,True,True,False,False,False
637,0.0,3,0,0,False,2,1,True,False,True,False,True,False,False
638,0.0,2,1,1,False,2,2,True,False,True,False,True,False,False
639,0.0,3,0,5,False,3,3,False,False,True,False,False,True,False
640,0.0,3,1,0,False,1,2,True,False,True,False,True,False,False
641,0.0,3,0,0,False,0,0,True,False,True,False,True,False,False
642,1.0,1,0,0,True,1,3,False,False,False,True,False,False,False
643,0.0,3,3,2,False,0,2,False,False,True,True,False,False,False
644,1.0,3,0,0,False,1,3,True,False,True,False,True,False,False
645,1.0,3,2,1,False,0,2,False,False,False,True,False,False,False
646,1.0,1,1,0,True,3,3,True,False,False,False,True,False,False
647,0.0,3,0,0,False,0,0,True,False,True,False,True,False,False
648,1.0,1,0,0,True,3,3,True,False,False,False,False,False,True
649,0.0,3,0,0,False,1,0,True,False,True,False,True,False,False
650,1.0,3,0,0,False,1,0,False,False,True,True,False,False,False
651,0.0,3,0,0,False,1,0,True,False,True,False,True,False,False
652,1.0,2,0,1,False,0,2,False,False,True,True,False,False,False
653,0.0,3,0,0,False,0,1,True,False,True,False,True,False,False
654,1.0,3,0,0,False,1,0,False,True,False,True,False,False,False
655,0.0,3,0,0,False,0,0,False,True,False,True,False,False,False
656,0.0,2,2,0,False,1,3,True,False,True,False,True,False,False
657,0.0,3,0,0,False,1,0,True,False,True,False,True,False,False
658,0.0,3,1,1,False,2,2,False,True,False,False,False,True,False
659,0.0,2,0,0,False,1,1,True,False,True,False,True,False,False
660,0.0,1,0,2,True,3,3,True,False,False,False,True,False,False
661,1.0,1,2,0,False,3,3,True,False,True,False,False,False,True
662,0.0,3,0,0,False,3,0,True,False,False,False,True,False,False
663,0.0,1,0,0,True,3,2,True,False,True,False,True,False,False
664,0.0,3,0,0,False,3,0,True,False,True,False,True,False,False
665,1.0,3,1,0,False,0,1,True,False,True,False,True,False,False
666,0.0,2,2,0,False,2,3,True,False,True,False,True,False,False
667,0.0,2,0,0,False,1,1,True,False,True,False,True,False,False
668,0.0,3,0,0,False,1,0,True,False,True,False,True,False,False
669,0.0,3,0,0,False,3,1,True,False,True,False,True,False,False
670,1.0,1,1,0,True,1,3,False,False,True,False,False,True,False
671,1.0,2,1,1,False,3,3,False,False,True,False,False,True,False
672,0.0,1,1,0,True,2,3,True,False,True,False,True,False,False
673,0.0,2,0,0,False,3,1,True,False,True,False,True,False,False
674,1.0,2,0,0,False,2,1,True,False,True,False,True,False,False
675,0.0,2,0,0,False,1,0,True,False,True,False,True,False,False
676,0.0,3,0,0,False,0,0,True,False,True,False,True,False,False
677,0.0,3,0,0,False,1,1,True,False,True,False,True,False,False
678,1.0,3,0,0,False,0,1,False,False,True,True,False,False,False
679,0.0,3,1,6,False,3,3,False,False,True,False,False,True,False
680,1.0,1,0,1,True,3,3,True,False,False,False,True,False,False
681,0.0,3,0,0,False,1,1,False,True,False,True,False,False,False
682,1.0,1,0,0,True,1,3,True,False,False,False,True,False,False
683,0.0,3,0,0,False,0,1,True,False,True,False,True,False,False
684,0.0,3,5,2,False,0,3,True,False,True,False,True,False,False
685,0.0,2,1,1,False,3,3,True,False,True,False,True,False,False
686,0.0,2,1,2,False,1,3,True,False,False,False,True,False,False
687,0.0,3,4,1,False,0,3,True,False,True,False,True,False,False
688,0.0,3,0,0,False,0,1,True,False,True,False,True,False,False
689,0.0,3,0,0,False,0,0,True,False,True,False,True,False,False
690,1.0,1,0,1,True,0,3,False,False,True,True,False,False,False
691,1.0,1,1,0,True,2,3,True,False,True,False,True,False,False
692,1.0,3,0,1,False,0,1,False,False,False,True,False,False,False
693,1.0,3,0,0,False,1,3,True,False,True,False,True,False,False
694,0.0,3,0,0,False,1,0,True,False,False,False,True,False,False
695,0.0,1,0,0,False,3,2,True,False,True,False,False,False,True
696,0.0,2,0,0,False,3,1,True,False,True,False,True,False,False
697,0.0,3,0,0,False,3,1,True,False,True,False,True,False,False
698,1.0,3,0,0,False,1,0,False,True,False,True,False,False,False
699,0.0,1,1,1,True,3,3,True,False,False,False,True,False,False
700,0.0,3,0,0,True,3,0,True,False,True,False,True,False,False
701,1.0,1,1,0,True,0,3,False,False,False,False,False,True,False
702,1.0,1,0,0,True,2,2,True,False,True,False,True,False,False
703,0.0,3,0,1,False,0,1,False,False,False,True,False,False,False
704,0.0,3,0,0,False,1,0,True,True,False,False,True,False,False
705,0.0,3,1,0,False,1,0,True,False,True,False,True,False,False
706,0.0,2,0,0,False,3,2,True,False,True,False,True,False,False
707,1.0,2,0,0,False,3,1,False,False,True,False,False,True,False
708,1.0,1,0,0,True,3,2,True,False,True,False,True,False,False
709,1.0,1,0,0,False,0,3,False,False,True,True,False,False,False
710,1.0,3,1,1,False,1,2,True,False,False,False,False,False,False
711,1.0,1,0,0,True,1,3,False,False,False,True,False,False,False
712,0.0,1,0,0,True,1,2,True,False,True,False,True,False,False
713,1.0,1,1,0,True,3,3,True,False,True,False,True,False,False
714,0.0,3,0,0,False,2,1,True,False,True,False,True,False,False
715,0.0,2,0,0,False,3,1,True,False,True,False,True,False,False
716,0.0,3,0,0,True,0,0,True,False,True,False,True,False,False
717,1.0,1,0,0,True,3,3,False,False,False,True,False,False,False
718,1.0,2,0,0,True,1,1,False,False,True,True,False,False,False
719,0.0,3,0,0,False,1,2,True,True,False,False,True,False,False
720,0.0,3,0,0,False,2,0,True,False,True,False,True,False,False
721,1.0,2,0,1,False,0,3,False,False,True,True,False,False,False
722,0.0,3,1,0,False,0,0,True,False,True,False,True,False,False
723,0.0,2,0,0,False,2,1,True,False,True,False,True,False,False
724,0.0,2,0,0,False,3,1,True,False,True,False,True,False,False
725,1.0,1,1,0,True,1,3,True,False,True,False,True,False,False
726,0.0,3,0,0,False,0,1,True,False,True,False,True,False,False
727,1.0,2,3,0,False,2,2,False,False,True,False,False,True,False
728,1.0,3,0,0,False,1,0,False,True,False,True,False,False,False
729,0.0,2,1,0,False,1,2,True,False,True,False,True,False,False
730,0.0,3,1,0,False,1,1,False,False,True,True,False,False,False
731,1.0,1,0,0,True,2,3,False,False,True,True,False,False,False
732,0.0,3,0,0,False,0,2,True,False,False,False,True,False,False
733,0.0,2,0,0,False,1,0,True,False,True,False,True,False,False
734,0.0,2,0,0,False,1,1,True,False,True,False,True,False,False
735,0.0,2,0,0,False,1,1,True,False,True,False,True,False,False
736,0.0,3,0,0,False,2,2,True,False,True,False,True,False,False
737,0.0,3,1,3,False,3,3,False,False,True,False,False,True,False
738,1.0,1,0,0,True,2,3,True,False,False,False,True,False,False
739,0.0,3,0,0,False,1,0,True,False,True,False,True,False,False
740,0.0,3,0,0,False,1,0,True,False,True,False,True,False,False
741,1.0,1,0,0,True,1,2,True,False,True,False,True,False,False
742,0.0,1,1,0,True,3,3,True,False,True,False,True,False,False
743,1.0,1,2,2,True,0,3,False,False,False,True,False,False,False
744,0.0,3,1,0,False,1,2,True,False,True,False,True,False,False
745,1.0,3,0,0,False,2,1,True,False,True,False,True,False,False
746,0.0,1,1,1,True,3,3,True,False,True,False,False,False,True
747,0.0,3,1,1,False,0,2,True,False,True,False,True,False,False
748,1.0,2,0,0,False,2,1,False,False,True,True,False,False,False
749,0.0,1,1,0,True,0,3,True,False,True,False,True,False,False
750,0.0,3,0,0,False,2,0,True,True,False,False,True,False,False
751,1.0,2,1,1,False,0,2,False,False,True,True,False,False,False
752,1.0,3,0,1,True,0,1,True,False,True,False,False,False,False
753,0.0,3,0,0,False,2,1,True,False,True,False,True,False,False
754,0.0,3,0,0,False,1,0,True,False,True,False,True,False,False
755,1.0,2,1,2,False,3,3,False,False,True,False,False,True,False
756,1.0,2,1,1,False,0,2,True,False,True,False,False,False,False
757,0.0,3,0,0,False,1,0,True,False,True,False,True,False,False
758,0.0,2,0,0,False,0,1,True,False,True,False,True,False,False
759,0.0,3,0,0,False,2,1,True,False,True,False,True,False,False
760,1.0,1,0,0,True,2,3,False,False,True,False,False,False,True
761,0.0,3,0,0,False,1,2,True,False,True,False,True,False,False
762,0.0,3,0,0,False,3,0,True,False,True,False,True,False,False
763,1.0,3,0,0,False,0,0,True,False,False,False,True,False,False
764,1.0,1,1,2,True,3,3,False,False,True,False,False,True,False
765,0.0,3,0,0,False,0,0,True,False,True,False,True,False,False
766,1.0,1,1,0,True,3,3,False,False,True,False,False,True,False
767,0.0,1,0,0,False,1,3,True,False,False,False,False,False,True
768,0.0,3,0,0,False,2,0,False,True,False,True,False,False,False
769,0.0,3,1,0,False,1,2,True,True,False,False,True,False,False
770,0.0,3,0,0,False,2,1,True,False,True,False,True,False,False
771,0.0,3,0,0,False,1,1,True,False,True,False,True,False,False
772,0.0,3,0,0,False,3,0,True,False,True,False,True,False,False
773,0.0,2,0,0,True,3,1,False,False,True,False,False,True,False
774,0.0,3,0,0,False,1,0,True,False,False,False,True,False,False
775,1.0,2,1,3,False,3,2,False,False,True,False,False,True,False
776,0.0,3,0,0,False,0,0,True,False,True,False,True,False,False
777,0.0,3,0,0,True,1,0,True,True,False,False,True,False,False
778,1.0,3,0,0,False,0,1,False,False,True,True,False,False,False
779,0.0,3,0,0,False,1,0,True,True,False,False,True,False,False
780,1.0,1,0,1,True,3,3,False,False,True,False,False,True,False
781,1.0,3,0,0,False,0,0,False,False,False,True,False,False,False
782,1.0,1,1,0,True,0,3,False,False,True,False,False,True,False
783,0.0,1,0,0,True,2,2,True,False,True,False,True,False,False
784,0.0,3,1,2,False,1,2,True,False,True,False,True,False,False
785,0.0,3,0,0,False,1,0,True,False,True,False,True,False,False
786,0.0,3,0,0,False,1,0,True,False,True,False,True,False,False
787,1.0,3,0,0,False,0,0,False,False,True,True,False,False,False
788,0.0,3,4,1,False,0,2,True,True,False,False,False,False,False
789,1.0,3,1,2,False,0,2,True,False,True,False,False,False,False
790,0.0,1,0,0,True,3,3,True,False,False,False,True,False,False
791,0.0,3,0,0,False,1,0,True,True,False,False,True,False,False
792,0.0,2,0,0,False,0,2,True,False,True,False,True,False,False
793,0.0,3,8,2,False,1,3,False,False,True,True,False,False,False
794,0.0,1,0,0,False,1,2,True,False,False,False,True,False,False
795,0.0,3,0,0,False,1,0,True,False,True,False,True,False,False
796,0.0,2,0,0,False,3,1,True,False,True,False,True,False,False
797,1.0,1,0,0,True,3,2,False,False,True,False,False,False,True
798,1.0,3,0,0,False,2,1,False,False,True,False,False,True,False
799,0.0,3,0,0,False,2,0,True,False,False,False,True,False,False
800,0.0,3,1,1,False,2,2,False,False,True,False,False,True,False
801,0.0,2,0,0,False,2,1,True,False,True,False,True,False,False
802,1.0,2,1,1,False,2,2,False,False,True,False,False,True,False
803,1.0,1,1,2,True,0,3,True,False,True,False,False,False,False
804,1.0,3,0,1,False,0,1,True,False,False,False,False,False,False
805,1.0,3,0,0,False,1,0,True,False,True,False,True,False,False
806,0.0,3,0,0,False,2,0,True,False,True,False,True,False,False
807,0.0,1,0,0,True,3,0,True,False,True,False,True,False,False
808,0.0,3,0,0,False,0,0,False,False,True,True,False,False,False
809,0.0,2,0,0,False,3,1,True,False,True,False,True,False,False
810,1.0,1,1,0,True,2,3,False,False,True,False,False,True,False
811,0.0,3,0,0,False,1,0,True,False,True,False,True,False,False
812,0.0,3,0,0,False,3,2,True,False,True,False,True,False,False
813,0.0,2,0,0,False,2,1,True,False,True,False,True,False,False
814,0.0,3,4,2,False,0,2,False,False,True,True,False,False,False
815,0.0,3,0,0,False,2,1,True,False,True,False,True,False,False
816,0.0,1,0,0,True,1,0,True,False,True,False,True,False,False
817,0.0,3,0,0,False,1,1,False,False,True,True,False,False,False
818,0.0,2,1,1,False,2,3,True,False,False,False,True,False,False
819,0.0,3,0,0,False,3,0,True,False,True,False,True,False,False
820,0.0,3,3,2,False,0,2,True,False,True,False,False,False,False
821,1.0,1,1,1,True,3,3,False,False,True,False,False,True,False
822,1.0,3,0,0,False,1,1,True,False,True,False,True,False,False
823,0.0,1,0,0,False,3,0,True,False,True,False,False,False,True
824,1.0,3,0,1,True,1,1,False,False,True,False,False,True,False
825,0.0,3,4,1,False,0,3,True,False,True,False,False,False,False
826,0.0,3,0,0,False,1,0,True,True,False,False,True,False,False
827,0.0,3,0,0,False,1,3,True,False,True,False,True,False,False
828,1.0,2,0,2,False,0,3,True,False,False,False,False,False,False
829,1.0,3,0,0,False,1,0,True,True,False,False,True,False,False
830,1.0,1,0,0,True,3,3,False,False,True,False,False,True,False
831,1.0,3,1,0,False,0,1,False,False,False,False,False,True,False
832,1.0,2,1,1,False,0,2,True,False,True,False,False,False,False
833,0.0,3,0,0,False,1,0,True,False,False,False,True,False,False
834,0.0,3,0,0,False,1,0,True,False,True,False,True,False,False
835,0.0,3,0,0,False,0,1,True,False,True,False,True,False,False
836,1.0,1,1,1,True,3,3,False,False,False,True,False,False,False
837,0.0,3,0,0,False,0,1,True,False,True,False,True,False,False
838,0.0,3,0,0,False,1,1,True,False,True,False,True,False,False
839,1.0,3,0,0,False,2,3,True,False,True,False,True,False,False
840,1.0,1,0,0,True,1,2,True,False,False,False,True,False,False
841,0.0,3,0,0,False,0,1,True,False,True,False,True,False,False
842,0.0,2,0,0,False,0,1,True,False,True,False,True,False,False
843,1.0,1,0,0,False,2,2,False,False,False,True,False,False,False
844,0.0,3,0,0,False,2,0,True,False,False,False,True,False,False
845,0.0,3,0,0,False,0,1,True,False,True,False,True,False,False
846,0.0,3,0,0,False,3,0,True,False,True,False,True,False,False
847,0.0,3,8,2,False,1,3,True,False,True,False,True,False,False
848,0.0,3,0,0,False,2,0,True,False,False,False,True,False,False
849,0.0,2,0,1,False,1,3,True,False,True,False,False,False,True
850,1.0,1,1,0,True,1,3,False,False,False,False,False,True,False
851,0.0,3,4,2,False,0,2,True,False,True,False,False,False,False
852,0.0,3,0,0,False,3,0,True,False,True,False,True,False,False
853,0.0,3,1,1,False,0,2,False,False,False,True,False,False,False
854,1.0,1,0,1,True,0,3,False,False,True,True,False,False,False
855,0.0,2,1,0,False,3,2,False,False,True,False,False,True,False
856,1.0,3,0,1,False,0,1,False,False,True,False,False,True,False
857,1.0,1,1,1,False,3,3,False,False,True,False,False,True,False
858,1.0,1,0,0,True,3,2,True,False,True,False,True,False,False
859,1.0,3,0,3,False,1,2,False,False,False,False,False,True,False
860,0.0,3,0,0,False,1,0,True,False,False,False,True,False,False
861,0.0,3,2,0,False,3,1,True,False,True,False,True,False,False
862,0.0,2,1,0,False,0,1,True,False,True,False,True,False,False
863,1.0,1,0,0,True,3,2,False,False,True,False,False,True,False
864,0.0,3,8,2,False,1,3,False,False,True,True,False,False,False
865,0.0,2,0,0,False,1,1,True,False,True,False,True,False,False
866,1.0,2,0,0,False,3,1,False,False,True,False,False,True,False
867,1.0,2,1,0,False,1,1,False,False,False,True,False,False,False
868,0.0,1,0,0,True,2,3,True,False,True,False,True,False,False
869,0.0,3,0,0,False,1,1,True,False,True,False,True,False,False
870,1.0,3,1,1,False,0,1,True,False,True,False,False,False,False
871,0.0,3,0,0,False,1,0,True,False,True,False,True,False,False
872,1.0,1,1,1,True,3,3,False,False,True,False,False,True,False
873,0.0,1,0,0,True,2,0,True,False,True,False,True,False,False
874,0.0,3,0,0,False,3,1,True,False,True,False,True,False,False
875,1.0,2,1,0,False,1,2,False,False,False,False,False,True,False
876,1.0,3,0,0,False,0,0,False,False,False,True,False,False,False
877,0.0,3,0,0,False,0,1,True,False,True,False,True,False,False
878,0.0,3,0,0,False,0,0,True,False,True,False,True,False,False
879,0.0,3,0,0,False,1,0,True,False,True,False,True,False,False
880,1.0,1,0,1,True,3,3,False,False,False,False,False,True,False
881,1.0,2,0,1,False,1,2,False,False,True,False,False,True,False
882,0.0,3,0,0,False,2,0,True,False,True,False,True,False,False
883,0.0,3,0,0,False,0,1,False,False,True,True,False,False,False
884,0.0,2,0,0,False,1,1,True,False,True,False,True,False,False
885,0.0,3,0,0,False,1,0,True,False,True,False,True,False,False
886,0.0,3,0,5,False,3,2,False,True,False,False,False,True,False
887,0.0,2,0,0,False,1,1,True,False,True,False,False,False,True
888,1.0,1,0,0,True,0,2,False,False,True,True,False,False,False
889,0.0,3,1,2,False,1,2,False,False,True,True,False,False,False
890,1.0,1,0,0,True,1,2,True,False,False,False,True,False,False
891,0.0,3,0,0,False,2,0,True,True,False,False,True,False,False
892,,3,0,0,False,2,0,True,True,False,False,True,False,False
893,,3,1,0,False,3,0,False,False,True,False,False,True,False
894,,2,0,0,False,3,1,True,True,False,False,True,False,False
895,,3,0,0,False,1,1,True,False,True,False,True,False,False
896,,3,1,1,False,0,1,False,False,True,False,False,True,False
897,,3,0,0,False,0,1,True,False,True,False,True,False,False
898,,3,0,0,False,2,0,False,True,False,True,False,False,False
899,,2,1,1,False,1,2,True,False,True,False,True,False,False
900,,3,0,0,False,0,0,False,False,False,False,False,True,False
901,,3,2,0,False,0,2,True,False,True,False,True,False,False
902,,3,0,0,False,1,0,True,False,True,False,True,False,False
903,,1,0,0,False,3,2,True,False,True,False,True,False,False
904,,1,1,0,True,1,3,False,False,True,False,False,True,False
905,,2,1,0,False,3,2,True,False,True,False,True,False,False
906,,1,1,0,True,3,3,False,False,True,False,False,True,False
907,,2,1,0,False,1,2,False,False,False,False,False,True,False
908,,2,0,0,False,2,1,True,True,False,False,True,False,False
909,,3,0,0,False,0,0,True,False,False,False,True,False,False
910,,3,1,0,False,1,1,False,False,True,True,False,False,False
911,,3,0,0,False,3,0,False,False,False,False,False,True,False
912,,1,1,0,False,3,3,True,False,False,False,True,False,False
913,,3,0,1,False,0,0,True,False,True,False,False,False,False
914,,1,0,0,False,1,3,False,False,True,False,False,True,False
915,,1,0,1,False,0,3,True,False,False,False,True,False,False
916,,1,1,3,True,3,3,False,False,False,False,False,True,False
917,,3,1,0,False,3,2,True,False,True,False,True,False,False
918,,1,0,1,True,0,3,False,False,False,True,False,False,False
919,,3,0,0,False,1,0,True,False,False,False,True,False,False
920,,1,0,0,True,3,2,True,False,True,False,True,False,False
921,,3,2,0,False,1,2,True,False,False,False,True,False,False
922,,2,1,0,False,3,2,True,False,True,False,True,False,False
923,,2,2,0,False,1,3,True,False,True,False,True,False,False
924,,3,1,2,False,2,2,False,False,True,False,False,True,False
925,,3,1,2,False,1,2,False,False,True,False,False,True,False
926,,1,1,0,True,2,3,True,False,False,False,True,False,False
927,,3,0,0,False,0,0,True,False,False,False,True,False,False
928,,3,0,0,False,1,1,False,False,True,True,False,False,False
929,,3,0,0,False,0,1,False,False,True,True,False,False,False
930,,3,0,0,False,1,1,True,False,True,False,True,False,False
931,,3,0,0,False,1,3,True,False,True,False,True,False,False
932,,3,0,1,False,3,1,True,False,False,False,True,False,False
933,,1,0,0,True,1,2,True,False,True,False,True,False,False
934,,3,0,0,False,3,0,True,False,True,False,True,False,False
935,,2,0,0,False,2,1,False,False,True,False,False,True,False
936,,1,1,0,True,3,3,False,False,True,False,False,True,False
937,,3,0,0,False,1,1,True,False,True,False,True,False,False
938,,1,0,0,True,3,2,True,False,False,False,True,False,False
939,,3,0,0,False,1,0,True,True,False,False,True,False,False
940,,1,0,0,True,3,3,False,False,False,False,False,True,False
941,,3,0,2,False,3,2,False,False,True,False,False,True,False
942,,1,1,0,True,1,3,True,False,True,False,True,False,False
943,,2,0,0,False,1,2,True,False,False,False,True,False,False
944,,2,2,1,False,0,2,False,False,True,True,False,False,False
945,,1,3,2,True,1,3,False,False,True,True,False,False,False
946,,2,0,0,False,1,2,True,False,False,False,True,False,False
947,,3,4,1,False,0,2,True,True,False,False,False,False,False
948,,3,0,0,False,2,0,True,False,True,False,True,False,False
949,,3,0,0,True,1,0,True,False,True,False,True,False,False
950,,3,1,0,False,1,2,True,False,True,False,True,False,False
951,,1,0,0,True,3,3,False,False,False,True,False,False,False
952,,3,0,0,False,0,0,True,False,True,False,True,False,False
953,,2,0,0,False,2,1,True,False,True,False,True,False,False
954,,3,0,0,False,0,0,True,False,True,False,True,False,False
955,,3,0,0,False,0,0,False,True,False,True,False,False,False
956,,1,2,2,True,0,3,True,False,False,False,False,False,False
957,,2,0,0,False,1,2,False,False,True,False,False,True,False
958,,3,0,0,False,0,0,False,True,False,True,False,False,False
959,,1,0,0,False,3,3,True,False,True,False,True,False,False
960,,1,0,0,True,2,2,True,False,False,False,True,False,False
961,,1,1,4,True,3,3,False,False,True,False,False,True,False
962,,3,0,0,False,1,0,False,True,False,True,False,False,False
963,,3,0,0,False,0,0,True,False,True,False,True,False,False
964,,3,0,0,False,2,1,False,False,True,True,False,False,False
965,,1,0,0,True,2,2,True,False,False,False,True,False,False
966,,1,0,0,True,2,3,False,False,False,True,False,False,False
967,,1,0,0,True,2,3,True,False,False,False,True,False,False
968,,3,0,0,False,1,1,True,False,True,False,True,False,False
969,,1,2,0,True,3,2,False,False,True,False,False,True,False
970,,2,0,0,False,2,1,True,False,True,False,True,False,False
971,,3,0,0,False,1,0,False,True,False,True,False,False,False
972,,3,1,1,False,0,2,True,False,False,False,False,False,False
973,,1,1,0,True,3,3,True,False,True,False,True,False,False
974,,1,0,0,False,3,2,True,False,True,False,True,False,False
975,,3,0,0,False,1,0,True,False,True,False,True,False,False
976,,2,0,0,False,1,1,True,True,False,False,True,False,False
977,,3,1,0,False,1,1,True,False,False,False,True,False,False
978,,3,0,0,False,1,0,False,True,False,True,False,False,False
979,,3,0,0,False,0,1,False,False,True,True,False,False,False
980,,3,0,0,False,1,0,False,True,False,True,False,False,False
981,,2,1,1,False,0,2,True,False,True,False,False,False,False
982,,3,1,0,False,0,1,False,False,True,False,False,True,False
983,,3,0,0,False,1,0,True,False,True,False,True,False,False
984,,1,1,2,True,1,3,False,False,True,False,False,True,False
985,,3,0,0,False,1,1,True,False,True,False,True,False,False
986,,1,0,0,False,1,2,True,False,False,False,True,False,False
987,,3,0,0,False,1,0,True,False,True,False,True,False,False
988,,1,1,0,True,3,3,False,False,True,False,False,True,False
989,,3,0,0,False,2,1,True,False,True,False,True,False,False
990,,3,0,0,False,0,0,False,False,True,True,False,False,False
991,,3,0,0,False,2,1,True,False,True,False,True,False,False
992,,1,1,0,True,3,3,False,False,False,False,False,True,False
993,,2,1,0,False,1,2,True,False,True,False,True,False,False
994,,3,0,0,False,1,0,True,True,False,False,True,False,False
995,,3,0,0,False,1,0,True,False,True,False,True,False,False
996,,3,1,1,False,0,1,False,False,False,False,False,True,False
997,,3,0,0,False,1,2,True,False,True,False,True,False,False
998,,3,0,0,False,0,0,True,True,False,False,True,False,False
999,,3,0,0,False,1,0,True,True,False,False,True,False,False
1000,,3,0,0,False,1,1,True,False,True,False,True,False,False
1001,,2,0,0,True,0,1,True,False,True,False,True,False,False
1002,,2,0,0,False,3,2,True,False,False,False,True,False,False
1003,,3,0,0,False,1,0,False,True,False,True,False,False,False
1004,,1,0,0,True,3,3,False,False,False,True,False,False,False
1005,,3,0,0,False,0,0,False,True,False,True,False,False,False
1006,,1,1,0,True,3,3,False,False,True,False,False,True,False
1007,,3,1,0,False,0,1,True,False,False,False,True,False,False
1008,,3,0,0,False,1,0,True,False,False,False,True,False,False
1009,,3,1,1,True,0,2,False,False,True,True,False,False,False
1010,,1,0,0,True,3,3,True,False,False,False,True,False,False
1011,,2,1,0,False,2,2,False,False,True,False,False,True,False
1012,,2,0,0,False,0,2,False,False,True,True,False,False,False
1013,,3,1,0,False,1,0,True,True,False,False,True,False,False
1014,,1,1,0,True,2,3,False,False,False,False,False,True,False
1015,,3,0,0,False,1,0,True,False,True,False,True,False,False
1016,,3,0,0,False,1,0,True,True,False,False,True,False,False
1017,,3,0,1,False,0,2,False,False,True,True,False,False,False
1018,,3,0,0,False,0,0,True,False,True,False,True,False,False
1019,,3,2,0,False,1,2,False,True,False,True,False,False,False
1020,,2,0,0,False,3,1,True,False,True,False,True,False,False
1021,,3,0,0,False,1,1,True,False,True,False,True,False,False
1022,,3,0,0,False,2,1,True,False,True,False,True,False,False
1023,,1,0,0,True,3,2,True,False,False,False,False,False,True
1024,,3,0,4,False,1,2,False,False,True,False,False,True,False
1025,,3,1,0,False,1,0,True,False,False,False,True,False,False
1026,,3,0,0,False,3,0,True,False,True,False,True,False,False
1027,,3,0,0,False,1,0,True,False,True,False,True,False,False
1028,,3,0,0,False,1,0,True,False,False,False,True,False,False
1029,,2,0,0,False,1,1,True,False,True,False,True,False,False
1030,,3,0,0,False,1,1,False,False,True,True,False,False,False
1031,,3,1,6,False,3,3,True,False,True,False,True,False,False
1032,,3,5,2,False,0,3,False,False,True,True,False,False,False
1033,,1,0,0,False,2,3,False,False,True,True,False,False,False
1034,,1,1,3,True,3,3,True,False,False,False,True,False,False
1035,,2,0,0,False,1,2,True,False,True,False,True,False,False
1036,,1,0,0,False,3,2,True,False,True,False,True,False,False
1037,,3,3,0,False,2,2,True,False,True,False,True,False,False
1038,,1,0,0,True,1,3,True,False,True,False,True,False,False
1039,,3,0,0,False,0,1,True,False,True,False,True,False,False
1040,,1,0,0,False,1,2,True,False,True,False,True,False,False
1041,,2,1,1,False,2,2,True,False,True,False,False,False,True
1042,,1,0,1,True,1,3,False,False,False,False,False,True,False
1043,,3,0,0,False,1,0,True,False,False,False,True,False,False
1044,,3,0,0,False,3,1,True,False,True,False,True,False,False
1045,,3,0,2,False,3,1,False,False,True,False,False,True,False
1046,,3,4,2,False,0,3,True,False,True,False,False,False,False
1047,,3,0,0,False,1,0,True,False,True,False,True,False,False
1048,,1,0,0,True,2,3,False,False,True,True,False,False,False
1049,,3,0,0,False,1,0,False,False,True,True,False,False,False
1050,,1,0,0,True,3,2,True,False,True,False,True,False,False
1051,,3,0,2,False,1,1,False,False,True,False,False,True,False
1052,,3,0,0,False,1,0,False,True,False,True,False,False,False
1053,,3,1,1,False,0,2,True,False,False,False,False,False,False
1054,,2,0,0,False,1,1,False,False,True,True,False,False,False
1055,,3,0,0,False,1,0,True,False,True,False,True,False,False
1056,,2,0,0,False,3,1,True,False,True,False,False,False,True
1057,,3,1,1,False,1,2,False,False,True,False,False,True,False
1058,,1,0,0,True,3,3,True,False,False,False,True,False,False
1059,,3,2,2,False,0,3,True,False,True,False,True,False,False
1060,,1,0,0,False,1,2,False,False,False,False,False,True,False
1061,,3,0,0,False,0,1,False,False,True,True,False,False,False
1062,,3,0,0,False,1,0,True,False,True,False,True,False,False
1063,,3,0,0,False,1,0,True,False,False,False,True,False,False
1064,,3,1,0,False,1,1,True,False,True,False,True,False,False
1065,,3,0,0,False,1,0,True,False,False,False,True,False,False
1066,,3,1,5,False,3,3,True,False,True,False,True,False,False
1067,,2,0,2,False,0,3,False,False,True,True,False,False,False
1068,,2,0,0,False,0,3,False,False,True,True,False,False,False
1069,,1,1,0,True,3,3,True,False,False,False,True,False,False
1070,,2,0,3,True,3,3,False,False,True,False,False,True,False
1071,,1,0,2,True,3,3,False,False,False,False,False,True,False
1072,,2,0,0,False,2,1,True,False,True,False,True,False,False
1073,,1,1,1,True,3,3,True,False,False,False,True,False,False
1074,,1,1,0,True,0,3,False,False,True,False,False,True,False
1075,,3,0,0,False,1,0,True,True,False,False,True,False,False
1076,,1,1,1,True,1,3,False,False,False,False,False,True,False
1077,,2,0,0,False,3,2,True,False,True,False,True,False,False
1078,,2,0,1,False,0,2,False,False,True,True,False,False,False
1079,,3,2,0,False,0,1,True,False,True,False,True,False,False
1080,,3,8,2,False,1,3,False,False,True,True,False,False,False
1081,,2,0,0,False,3,1,True,False,True,False,True,False,False
1082,,2,1,0,False,2,2,True,False,True,False,True,False,False
1083,,1,0,0,False,1,2,True,False,True,False,True,False,False
1084,,3,1,1,False,0,2,True,False,True,False,False,False,False
1085,,2,0,0,False,3,1,True,True,False,False,True,False,False
1086,,2,0,2,False,0,3,True,False,True,False,False,False,False
1087,,3,0,0,False,2,0,True,False,True,False,True,False,False
1088,,1,0,2,True,0,3,True,False,False,False,False,False,False
1089,,3,0,0,False,0,0,False,False,True,True,False,False,False
1090,,2,0,0,False,1,1,True,False,True,False,True,False,False
1091,,3,0,0,False,1,1,False,False,True,False,False,True,False
1092,,3,0,0,False,1,2,False,True,False,True,False,False,False
1093,,3,0,2,False,0,1,True,False,True,False,False,False,False
1094,,1,1,0,True,3,3,True,False,False,False,False,False,True
1095,,2,1,1,False,0,2,False,False,True,True,False,False,False
1096,,2,0,0,False,1,1,True,False,True,False,True,False,False
1097,,1,0,0,False,1,2,True,False,False,False,True,False,False
1098,,3,0,0,False,2,0,False,True,False,True,False,False,False
1099,,2,0,0,False,1,1,True,False,True,False,True,False,False
1100,,1,0,0,True,2,2,False,False,False,True,False,False,False
1101,,3,0,0,False,1,0,True,False,True,False,True,False,False
1102,,3,0,0,False,2,2,True,False,True,False,True,False,False
1103,,3,0,0,False,1,0,True,False,True,False,True,False,False
1104,,2,0,0,False,0,3,True,False,True,False,True,False,False
1105,,2,1,0,False,3,2,False,False,True,False,False,True,False
1106,,3,4,2,False,3,0,False,False,True,True,False,False,False
1107,,1,0,0,True,3,3,True,False,True,False,True,False,False
1108,,3,0,0,False,1,0,False,True,False,True,False,False,False
1109,,1,1,1,False,3,3,True,False,True,False,True,False,False
1110,,1,1,1,True,3,3,False,False,False,False,False,True,False
1111,,3,0,0,False,1,1,True,False,True,False,True,False,False
1112,,2,1,0,False,2,1,False,False,False,True,False,False,False
1113,,3,0,0,False,0,1,True,False,True,False,True,False,False
1114,,2,0,0,True,0,1,False,False,True,False,False,True,False
1115,,3,0,0,False,0,0,True,False,True,False,True,False,False
1116,,1,0,0,False,3,2,False,False,False,False,False,True,False
1117,,3,0,2,False,1,2,False,False,False,False,False,True,False
1118,,3,0,0,False,1,0,True,False,True,False,True,False,False
1119,,3,0,0,False,1,0,False,True,False,True,False,False,False
1120,,3,0,0,False,3,2,True,False,True,False,True,False,False
1121,,2,0,0,False,3,1,True,False,True,False,True,False,False
1122,,2,0,0,False,0,3,True,False,True,False,True,False,False
1123,,1,0,0,False,0,2,False,False,True,True,False,False,False
1124,,3,1,0,False,0,0,True,False,True,False,True,False,False
1125,,3,0,0,False,1,0,True,True,False,False,True,False,False
1126,,1,1,0,True,3,3,True,False,False,False,True,False,False
1127,,3,0,0,False,0,0,True,False,True,False,True,False,False
1128,,1,1,0,True,3,3,True,False,False,False,True,False,False
1129,,3,0,0,False,0,0,True,False,False,False,True,False,False
1130,,2,1,1,False,0,1,False,False,True,True,False,False,False
1131,,1,1,0,True,3,3,False,False,False,False,False,True,False
1132,,1,0,0,False,3,2,False,False,False,False,False,True,False
1133,,2,0,2,False,3,2,False,False,True,False,False,True,False
1134,,1,1,1,True,3,3,True,False,False,False,True,False,False
1135,,3,0,0,False,1,0,True,False,True,False,True,False,False
1136,,3,1,2,False,1,2,True,False,True,False,False,False,False
1137,,1,1,0,True,3,3,True,False,True,False,True,False,False
1138,,2,0,0,False,0,2,False,False,True,False,False,True,False
1139,,2,1,1,False,3,3,True,False,True,False,True,False,False
1140,,2,1,0,False,2,2,False,False,True,False,False,True,False
1141,,3,1,0,False,1,1,False,False,False,False,False,True,False
1142,,2,1,2,False,0,2,False,False,True,True,False,False,False
1143,,3,0,0,False,0,1,True,False,True,False,True,False,False
1144,,1,1,0,True,1,3,True,False,False,False,True,False,False
1145,,3,0,0,False,1,1,True,False,True,False,True,False,False
1146,,3,0,0,False,2,1,True,False,True,False,True,False,False
1147,,3,0,0,False,1,0,True,False,True,False,True,False,False
1148,,3,0,0,False,1,0,True,True,False,False,True,False,False
1149,,3,0,0,False,1,1,True,False,True,False,True,False,False
1150,,2,0,0,False,0,1,False,False,True,True,False,False,False
1151,,3,0,0,False,0,0,True,False,True,False,True,False,False
1152,,3,1,0,False,3,2,True,False,True,False,True,False,False
1153,,3,0,0,False,0,0,True,False,True,False,True,False,False
1154,,2,0,2,False,2,2,False,False,True,False,False,True,False
1155,,3,1,1,False,0,1,False,False,True,True,False,False,False
1156,,2,0,0,False,2,1,True,False,False,False,True,False,False
1157,,3,0,0,False,1,0,True,False,True,False,True,False,False
1158,,1,0,0,False,1,0,True,False,True,False,True,False,False
1159,,3,0,0,False,1,0,True,False,True,False,True,False,False
1160,,3,0,0,False,1,1,False,False,True,True,False,False,False
1161,,3,0,0,False,0,1,True,False,True,False,True,False,False
1162,,1,0,0,True,3,3,True,False,False,False,True,False,False
1163,,3,0,0,False,1,0,True,True,False,False,True,False,False
1164,,1,1,0,True,1,3,False,False,False,False,False,True,False
1165,,3,1,0,False,1,2,False,True,False,True,False,False,False
1166,,3,0,0,False,1,0,True,False,False,False,True,False,False
1167,,2,1,0,False,0,2,False,False,True,True,False,False,False
1168,,2,0,0,False,1,1,True,False,True,False,True,False,False
1169,,2,1,0,False,3,2,True,False,True,False,True,False,False
1170,,2,1,0,False,2,2,True,False,True,False,True,False,False
1171,,2,0,0,False,0,1,True,False,True,False,True,False,False
1172,,3,0,0,False,1,1,False,False,True,True,False,False,False
1173,,3,1,1,False,0,1,True,False,True,False,False,False,False
1174,,3,0,0,False,1,0,False,True,False,True,False,False,False
1175,,3,1,1,False,0,2,False,False,False,True,False,False,False
1176,,3,1,1,False,0,2,False,False,True,True,False,False,False
1177,,3,0,0,False,3,0,True,False,True,False,True,False,False
1178,,3,0,0,False,1,0,True,False,True,False,True,False,False
1179,,1,1,0,True,1,3,True,False,True,False,True,False,False
1180,,3,0,0,True,1,0,True,False,False,False,True,False,False
1181,,3,0,0,False,1,1,True,False,True,False,True,False,False
1182,,1,0,0,False,1,3,True,False,True,False,True,False,False
1183,,3,0,0,False,2,0,False,True,False,True,False,False,False
1184,,3,0,0,False,1,0,True,False,False,False,True,False,False
1185,,1,1,1,True,3,3,True,False,True,False,False,False,True
1186,,3,0,0,False,3,1,True,False,True,False,True,False,False
1187,,3,0,0,False,1,0,True,False,True,False,True,False,False
1188,,2,1,2,False,0,3,False,False,False,True,False,False,False
1189,,3,2,0,False,1,2,True,False,False,False,True,False,False
1190,,1,0,0,False,2,3,True,False,True,False,True,False,False
1191,,3,0,0,False,2,0,True,False,True,False,True,False,False
1192,,3,0,0,False,2,0,True,False,True,False,True,False,False
1193,,2,0,0,True,1,2,True,False,False,False,True,False,False
1194,,2,0,1,False,3,2,True,False,True,False,True,False,False
1195,,3,0,0,False,1,1,True,False,True,False,True,False,False
1196,,3,0,0,False,1,0,False,True,False,True,False,False,False
1197,,1,1,1,True,3,2,False,False,True,False,False,True,False
1198,,1,1,2,True,2,3,True,False,True,False,True,False,False
1199,,3,0,1,False,0,1,True,False,True,False,False,False,False
1200,,1,1,1,True,3,3,True,False,True,False,True,False,False
1201,,3,1,0,False,3,1,False,False,True,False,False,True,False
1202,,3,0,0,False,0,1,True,False,True,False,True,False,False
1203,,3,0,0,False,0,0,True,False,False,False,True,False,False
1204,,3,0,0,False,1,0,True,False,True,False,True,False,False
1205,,3,0,0,False,3,0,False,True,False,True,False,False,False
1206,,1,0,0,True,3,3,False,False,False,False,False,True,False
1207,,3,0,0,False,0,0,False,True,False,True,False,False,False
1208,,1,1,0,True,3,3,True,False,False,False,True,False,False
1209,,2,0,0,False,0,1,True,False,True,False,True,False,False
1210,,3,0,0,False,1,0,True,False,True,False,True,False,False
1211,,2,2,0,False,0,3,True,False,True,False,True,False,False
1212,,3,0,0,False,1,0,True,False,True,False,True,False,False
1213,,3,0,0,True,1,0,True,False,False,False,True,False,False
1214,,2,0,0,True,1,1,True,False,True,False,True,False,False
1215,,1,0,0,False,2,2,True,False,True,False,True,False,False
1216,,1,0,0,False,3,3,False,False,True,True,False,False,False
1217,,3,0,0,False,1,0,True,False,True,False,True,False,False
1218,,2,2,1,True,0,3,False,False,True,True,False,False,False
1219,,1,0,0,False,3,3,True,False,False,False,True,False,False
1220,,2,1,0,False,2,2,True,False,True,False,True,False,False
1221,,2,0,0,False,0,1,True,False,True,False,True,False,False
1222,,2,0,2,False,3,3,False,False,True,False,False,True,False
1223,,1,0,0,True,3,2,True,False,False,False,True,False,False
1224,,3,0,0,False,1,0,True,False,False,False,True,False,False
1225,,3,1,1,False,0,2,False,False,False,False,False,True,False
1226,,3,0,0,False,1,0,True,False,True,False,True,False,False
1227,,1,0,0,True,2,2,True,False,True,False,True,False,False
1228,,2,0,0,False,2,1,True,False,True,False,True,False,False
1229,,3,0,2,False,3,0,True,False,False,False,True,False,False
1230,,2,0,0,False,1,3,True,False,True,False,True,False,False
1231,,3,0,0,False,1,0,True,False,False,False,False,False,False
1232,,2,0,0,False,0,1,True,False,True,False,True,False,False
1233,,3,0,0,False,2,0,True,False,True,False,True,False,False
1234,,3,1,9,False,1,3,True,False,True,False,True,False,False
1235,,1,0,1,True,3,3,False,False,False,False,False,True,False
1236,,3,1,1,False,1,2,True,False,True,False,False,False,False
1237,,3,0,0,False,0,0,False,False,True,True,False,False,False
1238,,2,0,0,False,1,1,True,False,True,False,True,False,False
1239,,3,0,0,False,3,0,False,False,False,False,False,True,False
1240,,2,0,0,False,1,1,True,False,True,False,True,False,False
1241,,2,0,0,False,2,2,False,False,True,True,False,False,False
1242,,1,0,1,True,3,3,False,False,False,False,False,True,False
1243,,2,0,0,False,1,1,True,False,True,False,True,False,False
1244,,2,0,0,False,0,3,True,False,True,False,True,False,False
1245,,2,1,2,False,3,3,True,False,True,False,True,False,False
1246,,3,1,2,False,0,2,False,False,True,True,False,False,False
1247,,1,0,0,True,3,2,True,False,True,False,True,False,False
1248,,1,2,0,True,3,3,False,False,True,False,False,True,False
1249,,3,0,0,False,1,0,True,False,True,False,True,False,False
1250,,3,0,0,False,1,0,True,True,False,False,True,False,False
1251,,3,1,0,False,2,2,False,False,True,False,False,True,False
1252,,3,8,2,False,0,3,True,False,True,False,False,False,False
1253,,2,1,1,False,1,3,False,False,False,False,False,True,False
1254,,2,0,0,False,2,2,False,False,True,False,False,True,False
1255,,3,0,0,False,1,1,True,False,True,False,True,False,False
1256,,1,1,0,True,1,3,False,False,False,False,False,True,False
1257,,3,1,9,False,1,3,False,False,True,False,False,True,False
1258,,3,1,0,False,1,2,True,False,False,False,True,False,False
1259,,3,0,0,False,0,3,False,False,True,True,False,False,False
1260,,1,0,1,False,3,3,False,False,False,False,False,True,False
1261,,2,0,0,False,2,1,True,False,False,False,True,False,False
1262,,2,1,0,False,0,1,True,False,True,False,True,False,False
1263,,1,0,0,True,2,3,False,False,False,True,False,False,False
1264,,1,0,0,True,3,0,True,False,True,False,True,False,False
1265,,2,0,0,False,3,1,True,False,True,False,True,False,False
1266,,1,1,1,True,3,3,False,False,True,False,False,True,False
1267,,1,0,0,False,3,3,False,False,False,True,False,False,False
1268,,3,2,0,False,0,1,False,False,True,True,False,False,False
1269,,2,0,0,False,0,1,True,False,True,False,True,False,False
1270,,1,0,0,True,3,3,True,False,True,False,True,False,False
1271,,3,4,2,False,0,3,True,False,True,False,False,False,False
1272,,3,0,0,False,1,0,True,True,False,False,True,False,False
1273,,3,0,0,False,1,0,True,True,False,False,True,False,False
1274,,3,0,0,False,1,2,False,False,True,False,False,True,False
1275,,3,1,0,False,0,2,False,False,True,False,False,True,False
1276,,2,0,0,False,1,1,True,False,True,False,True,False,False
1277,,2,1,2,False,1,3,False,False,True,True,False,False,False
1278,,3,0,0,False,1,0,True,False,True,False,True,False,False
1279,,2,0,0,False,3,1,True,False,True,False,True,False,False
1280,,3,0,0,False,0,0,True,True,False,False,True,False,False
1281,,3,3,1,False,0,2,True,False,True,False,False,False,False
1282,,1,0,0,True,1,3,True,False,True,False,True,False,False
1283,,1,0,1,True,3,3,False,False,True,False,False,True,False
1284,,3,0,2,False,0,2,True,False,True,False,False,False,False
1285,,2,0,0,False,3,1,True,False,True,False,True,False,False
1286,,3,3,1,False,2,2,True,False,True,False,True,False,False
1287,,1,1,0,True,0,3,False,False,True,False,False,True,False
1288,,3,0,0,False,1,0,True,True,False,False,True,False,False
1289,,1,1,1,True,3,3,False,False,False,False,False,True,False
1290,,3,0,0,False,0,0,True,False,True,False,True,False,False
1291,,3,0,0,False,2,0,True,True,False,False,True,False,False
1292,,1,0,0,True,2,3,False,False,True,True,False,False,False
1293,,2,1,0,False,3,2,True,False,True,False,True,False,False
1294,,1,0,1,False,0,3,False,False,False,True,False,False,False
1295,,1,0,0,False,0,3,True,False,True,False,True,False,False
1296,,1,1,0,True,3,2,True,False,False,False,True,False,False
1297,,2,0,0,True,0,1,True,False,False,False,True,False,False
1298,,2,1,0,False,1,1,True,False,True,False,True,False,False
1299,,1,1,1,True,3,3,True,False,False,False,True,False,False
1300,,3,0,0,False,1,0,False,True,False,True,False,False,False
1301,,3,1,1,False,0,1,False,False,True,True,False,False,False
1302,,3,0,0,False,1,0,False,True,False,True,False,False,False
1303,,1,1,0,True,3,3,False,True,False,False,False,True,False
1304,,3,0,0,False,1,0,False,False,True,True,False,False,False
1305,,3,0,0,False,1,1,True,False,True,False,True,False,False
1306,,1,0,0,True,3,3,False,False,False,False,False,False,True
1307,,3,0,0,False,3,0,True,False,True,False,True,False,False
1308,,3,0,0,False,1,1,True,False,True,False,True,False,False
1309,,3,1,1,False,1,2,True,False,False,False,False,False,False
